coq:aac-tactics,1.0.0,Success,13
coq:abp,1.0.0,Success,4
coq:concurrency-proxy,dev,DepsError
coq:concurrency,0.0.1,Success,9
coq:concurrency,dev,Error
coq:coquelicot,2.0.1,DepsError
coq:corn,1.0.0,DepsError
coq:counting,1.0.0,Success,2
coq:error-handlers,dev,Success,2
coq:function-ninjas,1.0-beta0,Success,2
coq:function-ninjas,1.0.0,Success,2
coq:function-ninjas,dev,Error
coq:interval,1.0.0,DepsError
coq:interval,1.1.0,DepsError
coq:iterable,dev,Error
coq:list-string,0.0.1,Success,4
coq:list-string,1.0.0,Success,6
coq:list-string,dev,Success,6
coq:moment,dev,Error
coq:monad,dev,Success,2
